image_id,image_height,image_width,object_id,class,xmin,ymin,xmax,ymax
5301073148,1936,2592,0,qr_code,562,1034,880,1336
4821931054,1024,681,1,qr_code,487,711,579,816
3346775330,732,1024,3,qr_code,22,661,82,722
3424245467,1360,2048,5,qr_code,1230,647,1706,1117
5164857092,576,1024,6,qr_code,52,263,83,304
3552874141,425,640,7,qr_code,29,78,264,312
2198403406,1360,2048,10,qr_code,1137,660,1380,883
4043359287,2048,1536,11,qr_code,642,543,936,853
3989206756,1024,768,13,qr_code,154,524,200,568
3360040540,768,1024,15,qr_code,99,128,323,358
4747076605,3456,5184,16,qr_code,2389,1736,2936,2317
2928308769,768,1024,17,qr_code,446,168,663,385
2973699715,240,400,18,qr_code,324,24,355,57
4688840372,1936,2576,20,qr_code,178,183,1022,794
3002670645,1536,2048,22,qr_code,737,552,1089,904
0425608272,1280,960,24,qr_code,345,600,569,762
5326668891,1024,768,25,qr_code,525,639,590,711
5330422656,768,1024,27,qr_code,645,300,840,488
3950836668,768,1024,28,qr_code,656,325,695,392
4160076127,1024,768,29,qr_code,120,132,567,578
4298012464,768,1024,31,qr_code,204,254,302,367
5011786146,4000,3000,32,qr_code,1628,1493,1907,1772
3831773252,2592,3888,35,qr_code,902,1355,1330,1778
4142786699,3040,2280,36,qr_code,593,614,1649,1652
4910219202,1360,2048,37,qr_code,1701,479,1947,757
4247266998,1024,685,38,qr_code,218,376,514,598
4690553670,1536,2048,39,qr_code,1566,371,1822,681
2261064777,640,384,40,qr_code,283,490,347,548
1125952233,1360,2048,42,qr_code,787,617,1019,847
5296790826,768,1024,43,qr_code,125,231,484,589
1840578464,480,640,46,qr_code,111,94,418,407
2964565796,3264,2448,47,qr_code,983,1116,1674,1975
2854521482,2592,1944,48,qr_code,1150,1310,1439,1584
0459198815,960,1280,49,qr_code,570,442,778,664
4195660045,1936,2592,50,qr_code,974,688,1218,926
4441756800,1944,2592,51,qr_code,1712,808,1982,1093
2238679342,2136,2848,54,qr_code,2253,1525,2623,1903
5265161086,640,480,56,qr_code,135,110,394,373
3352436654,2592,3888,58,qr_code,746,1111,2130,2366
3863034429,768,1024,59,qr_code,228,185,686,626
5053297805,640,480,60,qr_code,236,424,345,540
4022161260,2560,1712,61,qr_code,807,1322,944,1457
4917222006,1360,2048,63,qr_code,1431,222,1936,709
3440561175,379,500,64,qr_code,14,14,265,263
5082957881,1125,1500,65,qr_code,738,442,1135,743
5326665675,1024,768,66,qr_code,294,538,437,679
3412284039,2848,4272,67,qr_code,2633,1144,2972,1549
5082797987,1568,2100,68,qr_code,766,410,1448,894
0425606995,960,1280,69,qr_code,688,308,895,563
3905670538,1196,1800,70,qr_code,500,231,1194,923
4693287145,3000,3648,71,qr_code,2512,571,2846,771
4850831714,2736,3648,72,qr_code,759,638,2586,2375
0071851287,1440,2560,73,qr_code,286,790,846,1350
3413097256,2848,4272,74,qr_code,1053,759,1774,1753
5327275422,1024,768,75,qr_code,525,746,679,902
2686136338,768,1024,76,qr_code,156,451,301,600
2590705769,2304,3456,77,qr_code,1933,618,3105,1779
5323783003,1024,576,78,qr_code,205,396,336,527
4243670985,425,640,80,qr_code,159,186,177,223
4566396474,685,1024,81,qr_code,313,364,440,503
3875393950,800,600,82,qr_code,193,200,455,464
4099642526,2448,3264,83,qr_code,2077,1811,2618,2344
4956470281,878,1024,84,qr_code,21,593,104,675
5318432696,675,900,85,qr_code,206,230,542,502
5046378711,5061,3374,86,qr_code,2741,2625,2898,2830
4880150149,1936,2592,88,qr_code,1056,947,1340,1233
4738989687,1936,2592,89,qr_code,355,1178,751,1517
4528956445,1936,2592,91,qr_code,1011,113,1285,393
4525996985,768,1024,92,qr_code,238,330,483,514
5182903578,612,612,93,qr_code,203,298,410,501
2566618981,1024,768,94,qr_code,390,577,532,719
2967445634,3072,2304,95,qr_code,608,1102,1186,1690
5046634041,686,1024,96,qr_code,162,382,323,536
3219209795,480,640,97,qr_code,271,97,407,277
2953726003,2304,3072,99,qr_code,1202,480,2374,1594
3360044712,1024,768,100,qr_code,153,528,291,680
4723176644,768,1024,101,qr_code,191,239,443,487
2595337520,480,640,105,qr_code,150,188,223,264
5289608618,2666,2976,106,qr_code,1418,1490,1593,1662
4566380516,476,640,107,qr_code,460,53,572,172
4222589347,1536,2048,109,qr_code,1150,960,1382,1198
3314092400,2376,4224,111,qr_code,268,1601,681,2027
5276808199,1024,765,112,qr_code,280,381,482,581
4222508753,1200,1600,114,qr_code,744,367,1156,798
5023713525,1200,1600,115,qr_code,597,66,1010,485
2860081481,2304,3072,116,qr_code,1500,766,1991,1262
5117983633,685,1024,117,qr_code,717,418,770,468
5223295536,364,648,118,qr_code,368,50,464,146
4957192824,598,800,121,qr_code,108,442,152,484
4613809117,2048,1536,126,qr_code,787,1461,902,1575
3066871844,3072,2304,127,qr_code,133,2319,410,2589
5297814123,1936,2592,128,qr_code,518,1038,1225,1741
0193927093,960,1280,130,qr_code,434,323,685,551
4933303845,2108,2810,131,qr_code,2202,1173,2503,1458
4354342598,500,334,133,qr_code,55,360,278,426
2699519970,1944,2592,134,qr_code,920,1115,1590,1805
4000348762,600,800,136,qr_code,280,182,547,437
4438446960,480,640,139,qr_code,165,349,265,432
5089097435,765,1024,140,qr_code,220,310,392,477
3118584329,2376,4224,141,qr_code,304,1400,725,1804
4243671127,425,640,142,qr_code,348,244,379,275
2924534538,426,640,145,qr_code,277,185,382,289
2124747258,483,392,146,qr_code,168,338,251,433
3950841244,768,1024,148,qr_code,668,389,745,524
3255507541,2200,1700,150,qr_code,70,25,259,212
4888055156,954,1024,151,qr_code,234,185,796,742
2686139452,768,1024,154,qr_code,22,575,137,689
2593483966,480,380,157,qr_code,84,273,262,456
3620976161,1024,683,158,qr_code,159,377,511,717
4340208601,768,1024,159,qr_code,397,154,591,344
4219788005,1024,1280,160,qr_code,733,681,893,843
4093898602,1944,2592,162,qr_code,441,589,1423,1554
4910229396,1360,2048,163,qr_code,247,800,1083,1138
5081575645,482,720,164,qr_code,236,156,426,344
5218077043,1936,2592,165,qr_code,1023,737,1240,955
3103420592,768,1024,167,qr_code,501,267,627,388
4036841984,2840,4272,169,qr_code,1057,119,2084,743
4340205893,768,1024,170,qr_code,493,561,619,653
2591540510,2304,3456,171,qr_code,992,484,2307,1793
4969805147,3456,2592,172,qr_code,1552,1354,1734,1564
2992182632,2736,2736,174,qr_code,1132,2131,1446,2442
2352421045,1944,2592,175,qr_code,1070,963,1220,1129
4689610940,665,1000,176,qr_code,133,491,217,573
3891459413,1024,768,179,qr_code,308,628,432,783
3430313114,1024,768,180,qr_code,67,558,371,857
2318857845,1360,2048,181,qr_code,877,706,1018,846
2686037064,1024,725,182,qr_code,57,628,227,797
2536547939,1944,2592,183,qr_code,781,1318,1098,1635
2780891479,768,1024,184,qr_code,240,344,330,452
0575557590,1704,2272,186,qr_code,283,459,667,973
5260442643,1920,2301,189,qr_code,382,1167,781,1559
2686038510,1024,725,190,qr_code,425,693,511,778
5148588549,1024,1024,192,qr_code,638,545,808,752
2261943478,640,384,193,qr_code,134,485,176,526
3594871243,2448,3264,194,qr_code,1603,1090,2110,1603
5206766403,1024,768,195,qr_code,264,356,314,404
5055313244,1936,2592,196,qr_code,701,507,886,682
4849538186,1024,1006,198,qr_code,369,166,614,410
5236047029,3240,4320,199,qr_code,2564,1762,3069,2275
4001781698,1360,2048,200,qr_code,1510,418,1883,772
5115608464,683,1024,201,qr_code,214,467,320,574
5327277012,1024,768,202,qr_code,395,467,465,566
4344429928,1728,2304,203,qr_code,758,324,1477,1035
3289447603,2048,1536,204,qr_code,523,857,865,1210
3665573933,1200,1600,205,qr_code,672,444,1119,884
5142860075,768,1024,206,qr_code,397,257,671,530
4664818817,2848,4288,208,qr_code,1025,503,1467,927
4609467032,2048,1536,209,qr_code,893,1609,1377,1837
2644241344,2592,1944,211,qr_code,1580,2294,1738,2440
4667029304,1536,2048,212,qr_code,1414,608,1687,850
4933142246,768,1024,213,qr_code,391,260,713,570
0436037216,960,1280,214,qr_code,618,173,940,500
2908131194,1024,768,215,qr_code,267,503,473,712
3242297116,1024,349,216,qr_code,168,642,245,723
4936355363,1952,3264,219,qr_code,1201,611,2088,1504
4956470125,778,1024,220,qr_code,58,352,207,539
3742672019,1392,1856,221,qr_code,572,182,1180,795
3881432281,1536,2048,222,qr_code,218,804,702,1278
4072456545,1024,768,223,qr_code,200,397,539,741
3316791788,1360,2048,224,qr_code,1551,854,1798,1104
5142860483,1024,768,225,qr_code,229,273,251,307
4884107014,256,323,226,qr_code,208,186,232,224
3527162182,1024,768,227,qr_code,331,342,444,453
4443372547,667,1000,228,qr_code,399,118,551,272
3032275434,896,1500,229,qr_code,1225,254,1460,485
5031824448,1024,768,230,qr_code,255,145,397,292
3651132756,2376,4224,231,qr_code,672,622,1563,1490
2685217495,1024,725,233,qr_code,597,782,673,858
3619033023,768,1024,234,qr_code,459,259,647,485
2928307961,1024,768,235,qr_code,279,768,341,842
3514866061,1944,2592,236,qr_code,642,235,2097,1683
0286700632,768,1024,238,qr_code,336,140,626,460
4782046245,480,640,239,qr_code,178,101,439,360
3963140847,1024,768,240,qr_code,138,371,570,785
5133137038,3000,4000,243,qr_code,1964,1506,2424,2031
4487494304,1024,768,248,qr_code,325,398,483,558
2194489491,1672,2748,249,qr_code,1968,661,2617,1303
3963915486,1024,768,250,qr_code,445,597,520,690
5286463990,576,1024,251,qr_code,329,337,381,388
3861973743,1944,2592,253,qr_code,1376,430,2161,1115
3643877605,640,640,254,qr_code,133,133,506,506
3256202185,2736,3648,256,qr_code,2757,218,3086,340
5281066618,2592,1935,257,qr_code,758,232,1368,1545
4951385150,363,550,258,qr_code,84,62,260,263
3634614653,1669,2240,259,qr_code,1386,1309,1539,1462
3813075372,800,600,260,qr_code,100,102,386,386
2328987432,640,640,261,qr_code,294,302,334,340
3650327413,2376,4224,262,qr_code,1000,1143,1181,1295
4064425091,1536,2048,263,qr_code,1350,537,1751,921
3413082126,2848,4272,264,qr_code,900,542,1309,1087
1932429740,480,640,265,qr_code,301,158,358,206
4453793131,1200,1600,270,qr_code,1023,634,1144,713
0050027974,960,1280,271,qr_code,1141,871,1171,902
2780890639,768,1024,273,qr_code,446,71,659,296
4903055926,976,1024,274,qr_code,278,137,903,851
2261087337,240,320,275,qr_code,214,163,271,221
3482714875,602,602,276,qr_code,231,411,376,558
2656508531,2048,1536,278,qr_code,178,263,385,473
4808349970,3486,2576,279,qr_code,951,1277,1721,2042
4066434320,1024,768,280,qr_code,272,408,509,651
3897888195,768,1024,281,qr_code,139,128,720,684
4777185721,1360,2048,282,qr_code,1236,428,1867,1080
1491455255,640,480,284,qr_code,68,103,402,471
5200811157,1952,2592,286,qr_code,1226,1152,1392,1321
2211131435,1200,1600,287,qr_code,488,269,917,957
4920211423,968,758,288,qr_code,471,609,605,735
2942573322,500,661,291,qr_code,282,249,383,346
3244197493,1536,2048,292,qr_code,1261,427,1520,694
5176847124,765,1024,293,qr_code,153,374,185,404
5195800254,3888,2592,294,qr_code,1301,2652,1690,3055
2207251864,2848,2136,295,qr_code,769,1704,1413,2299
5275251433,768,1024,296,qr_code,245,425,710,614
5230841770,2528,3789,297,qr_code,2000,626,3286,1985
3705368440,1920,2560,298,qr_code,583,958,1124,1499
3404232239,1360,2048,299,qr_code,1487,454,1702,661
3988452645,1024,768,301,qr_code,163,283,645,723
5054694623,2592,1936,303,qr_code,1166,1156,1441,1421
4059157596,1370,1028,304,qr_code,340,785,466,912
4274785854,800,600,305,qr_code,244,144,395,329
3413058024,2848,4272,308,qr_code,1105,947,1922,2046
2771122879,1944,2592,309,qr_code,1561,274,2032,752
5243919531,505,412,310,qr_code,176,252,200,276
5031494545,570,629,311,qr_code,166,97,216,149
4872978369,768,1024,312,qr_code,282,83,445,195
2155267244,1200,1600,314,qr_code,1043,449,1332,741
4303592234,1200,797,315,qr_code,321,647,461,763
5327276642,1024,768,316,qr_code,370,487,488,607
2870381761,1944,2592,317,qr_code,2230,1692,2334,1796
4038774631,800,600,318,qr_code,138,312,373,542
4763260540,2736,3648,319,qr_code,1780,837,3095,2171
5280659561,1408,2112,321,qr_code,402,329,862,802
4604914148,578,640,322,qr_code,449,85,549,176
2513889297,1944,2592,323,qr_code,2456,456,2532,521
5055316502,4000,3000,324,qr_code,1902,1703,2424,2217
5249545740,768,1024,326,qr_code,242,350,336,409
3976044005,1980,2640,328,qr_code,2244,161,2398,364
5111237485,1024,765,329,qr_code,292,476,511,680
4454572732,1200,1600,330,qr_code,919,843,1172,1067
3725097593,767,1024,335,qr_code,381,277,644,537
3043837346,1200,1600,336,qr_code,1361,536,1599,715
4534855391,768,1024,337,qr_code,494,120,621,246
4941942874,1936,2592,338,qr_code,286,739,928,1339
4559245959,1200,1600,339,qr_code,991,595,1194,768
4000463255,768,1024,340,qr_code,753,181,960,383
5100495935,901,1024,341,qr_code,213,182,327,291
5024182860,1024,765,342,qr_code,180,616,416,854
4368051019,1920,2560,343,qr_code,1403,756,1565,919
5093857705,2592,1936,344,qr_code,826,1059,1043,1270
4944474424,1961,1471,345,qr_code,1120,1607,1244,1732
2045952006,640,480,346,qr_code,391,519,447,582
2839862458,2048,1536,347,qr_code,959,1077,1212,1341
4946341553,510,1024,348,qr_code,283,273,431,418
2279746781,2592,1944,350,qr_code,982,1883,1400,2307
4153941728,2736,3648,351,qr_code,3172,82,3497,419
4839698108,798,1024,353,qr_code,84,148,396,443
0197967937,1944,2592,354,qr_code,1168,765,1367,984
3412263283,2848,4272,355,qr_code,3249,965,3403,1224
4949259371,1024,682,356,qr_code,111,231,557,524
4848390238,2112,2816,357,qr_code,1220,795,1670,1239
4791733013,768,1024,358,qr_code,592,516,712,629
3892245802,1024,768,359,qr_code,228,362,297,472
5293518982,1536,2048,360,qr_code,423,93,1193,869
3077072664,1600,1200,362,qr_code,829,1223,1011,1384
4008166286,1371,2048,364,qr_code,696,534,902,769
3360046942,768,1024,365,qr_code,309,87,539,353
4001018841,1360,2048,366,qr_code,470,142,1336,1003
3591651388,640,640,368,qr_code,203,21,617,435
4711096515,2640,1320,370,qr_code,543,302,804,594
4567505369,683,1024,371,qr_code,780,408,838,509
2200733213,375,500,372,qr_code,313,76,396,153
3891458793,1024,768,373,qr_code,243,502,310,572
3055870218,500,375,376,qr_code,114,301,220,401
3360878084,768,1024,377,qr_code,369,394,607,636
2466653163,3264,1832,378,qr_code,545,1140,917,1482
4547847651,2592,1552,379,qr_code,1046,2172,1233,2376
5020299665,1936,2592,380,qr_code,1735,1221,2263,1754
4969808611,3456,2592,383,qr_code,874,1230,1271,1666
4296288417,1200,1600,386,qr_code,646,634,874,862
5040808242,1024,765,387,qr_code,297,408,411,521
4370601426,800,600,388,qr_code,196,246,447,409
2929094367,1944,2592,389,qr_code,390,911,834,1358
3830980843,2592,3888,390,qr_code,1095,450,2615,1979
5327274374,1024,768,391,qr_code,442,487,505,557
4731341181,500,746,392,qr_code,482,97,626,250
2423605457,480,640,393,qr_code,180,200,290,302
2512144531,1227,1800,394,qr_code,672,379,1093,792
2208592873,1536,2048,395,qr_code,144,266,1281,1324
3716507953,1592,1592,398,qr_code,1097,541,1507,945
0460681372,1200,900,399,qr_code,249,259,740,757
3504778879,1024,768,400,qr_code,215,540,520,849
2698677465,1944,2592,401,qr_code,465,581,923,1065
5054697343,3000,4000,402,qr_code,3119,1360,3426,1655
4957719411,1936,2592,403,qr_code,1041,894,1555,1407
4598979686,1024,768,405,qr_code,241,114,605,478
4973968503,2592,1952,406,qr_code,672,766,1096,1193
2478130371,1365,2048,407,qr_code,527,296,919,687
4272614686,765,1024,408,qr_code,365,226,597,466
4518390570,411,548,410,qr_code,198,138,296,233
5087637786,576,1024,411,qr_code,188,387,244,441
4220024243,768,1024,417,qr_code,405,154,568,309
5326664789,1024,768,418,qr_code,334,432,390,488
2159301588,1200,1600,420,qr_code,1249,141,1504,365
5164183640,683,1024,421,qr_code,610,189,825,409
2124956651,1200,1600,422,qr_code,813,827,967,1005
2386536549,1725,2594,423,qr_code,1086,741,1286,970
4037066226,500,375,427,qr_code,146,183,216,255
3704595657,2349,3084,428,qr_code,85,1280,892,2058
5214754924,1024,727,429,qr_code,222,457,388,624
5085559548,689,720,430,qr_code,352,485,447,569
0143365285,750,1000,431,qr_code,155,330,176,351
5176853488,765,1024,432,qr_code,106,286,238,408
4755868280,1536,2048,433,qr_code,1199,823,1603,1239
5269546467,683,1024,434,qr_code,292,506,349,563
4462727544,2226,2226,435,qr_code,613,758,1021,1159
2870054594,640,426,436,qr_code,104,232,316,415
2546726482,1944,2592,439,qr_code,1741,682,1768,709
3412272805,2848,4272,440,qr_code,1234,1252,1694,1708
2127267576,929,918,441,qr_code,192,293,632,742
3671809329,1536,2048,442,qr_code,665,380,1403,1142
2781748576,768,1024,444,qr_code,727,253,874,437
3418524417,1024,498,446,qr_code,40,480,177,617
2954565832,2304,3072,448,qr_code,1461,523,2564,1380
5269546299,683,1024,450,qr_code,507,235,792,521
3629532795,1832,3264,452,qr_code,1116,372,1384,627
5083552158,1125,1500,454,qr_code,1013,454,1167,641
3303275675,480,360,457,qr_code,154,255,243,340
3704756357,387,516,458,qr_code,148,54,370,280
4807729131,1290,1069,459,qr_code,353,447,694,783
0939831659,800,493,460,qr_code,110,181,345,449
4711677723,450,800,461,qr_code,170,287,231,350
5307271144,1408,2112,462,qr_code,1278,1087,1464,1276
5111238025,1024,765,463,qr_code,321,567,527,760
2869227993,640,426,464,qr_code,215,178,269,232
3430305612,768,1024,465,qr_code,73,112,282,322
5326668517,1024,768,466,qr_code,249,408,420,678
2452296125,1944,2592,467,qr_code,1023,1180,1264,1414
4823426566,2462,2970,468,qr_code,782,295,2308,1680
0512478834,479,479,469,qr_code,180,398,232,450
4525331146,768,1024,471,qr_code,196,214,347,407
2825376970,640,480,473,qr_code,211,93,287,206
5210682827,2816,2112,476,qr_code,946,2475,1210,2721
2465664627,1200,1600,477,qr_code,1028,368,1088,519
2929954722,1944,2592,479,qr_code,2109,1338,2409,1665
4510428194,3000,4000,480,qr_code,2140,386,2647,906
4672030917,4288,2848,481,qr_code,1201,2529,1844,3080
4952260665,871,1024,483,qr_code,55,608,203,761
2924534556,640,518,484,qr_code,7,444,103,530
4370993698,800,600,485,qr_code,402,399,559,552
3360041578,768,1024,486,qr_code,268,93,501,332
3984327882,1024,768,488,qr_code,479,484,631,676
5106272494,2048,1536,489,qr_code,366,1273,550,1450
3479618244,1067,800,491,qr_code,292,298,553,564
4406850206,1944,2592,492,qr_code,1061,631,1235,823
5019270319,1024,765,493,qr_code,223,492,342,610
1550199193,314,1024,495,qr_code,40,54,224,238
5010495312,1536,2048,496,qr_code,1620,812,1808,1020
0531389687,960,1280,497,qr_code,626,108,849,331
5098699881,606,798,498,qr_code,243,330,344,430
3866514673,768,1024,499,qr_code,452,303,594,446
3752627101,768,1024,500,qr_code,622,385,678,442
5163436860,768,1024,501,qr_code,142,574,194,631
3412308815,2848,4272,503,qr_code,828,996,1407,1419
4859558749,600,800,504,qr_code,227,41,557,276
4886984392,1936,2592,505,qr_code,1020,556,1374,839
3003504900,1536,2048,506,qr_code,1606,806,1708,905
4903056090,822,1024,509,qr_code,813,185,973,491
2740692511,2048,1536,510,qr_code,440,1026,540,1127
5095032821,1024,768,511,qr_code,358,311,510,494
2825381166,480,640,513,qr_code,264,131,311,177
2644756437,3000,4000,514,qr_code,1805,1205,2261,1662
2455052649,1944,2592,516,qr_code,2157,1509,2236,1597
2829815176,681,1024,517,qr_code,214,173,281,237
5280793712,683,1024,519,qr_code,515,82,585,151
0858847120,1536,2048,521,qr_code,796,237,898,411
5081893983,767,802,522,qr_code,391,540,498,634
2674401684,2040,2720,523,qr_code,2092,893,2394,1194
0428147090,768,1024,524,qr_code,393,372,575,548
5226037432,600,800,525,qr_code,444,302,662,501
5011175703,3000,4000,526,qr_code,2180,1276,2329,1425
4413154199,768,1024,527,qr_code,138,384,614,555
4438413138,2560,1712,528,qr_code,563,1002,1017,1461
5292342280,2709,3442,529,qr_code,2948,1296,3066,1417
2514394480,1944,2592,530,qr_code,1598,1048,1893,1347
2961178381,860,1024,531,qr_code,473,544,701,771
4451626429,2586,3888,532,qr_code,1200,1162,1632,1738
3635425508,2448,3264,533,qr_code,1192,890,2305,1898
3305772822,1024,768,534,qr_code,352,540,432,621
2452294959,1944,2592,535,qr_code,398,459,754,816
3629982702,1024,687,536,qr_code,391,753,515,884
3761732016,500,459,538,qr_code,280,307,405,427
4844786008,664,751,539,qr_code,355,279,477,383
5044299125,1024,683,540,qr_code,352,567,595,828
2595337516,640,480,541,qr_code,202,353,253,407
2755677855,1065,1600,542,qr_code,846,467,943,553
3950059625,768,1024,543,qr_code,712,420,752,461
5089690982,1024,765,545,qr_code,106,875,171,940
4498124087,1936,2592,546,qr_code,983,905,1597,1515
2781830325,640,480,547,qr_code,223,313,353,442
5243755298,1381,1800,548,qr_code,240,300,656,712
2677414896,685,1024,549,qr_code,674,367,764,455
2869228089,640,640,550,qr_code,398,194,437,232
0097495610,2398,1800,551,qr_code,932,1507,1096,1665
5190236735,2592,1936,552,qr_code,495,595,1478,1552
4243671243,360,480,553,qr_code,340,153,390,207
3831779038,2592,3888,554,qr_code,1447,855,2290,1711
2674398444,1800,3200,555,qr_code,2505,1372,2829,1705
4724820543,768,1024,556,qr_code,411,277,477,475
2502803272,682,1024,558,qr_code,491,383,547,436
3977415218,768,1024,559,qr_code,270,264,348,340
2423569207,500,375,560,qr_code,258,370,292,410
5333766551,681,1024,561,qr_code,264,122,692,539
4689610564,645,1000,562,qr_code,230,59,772,592
3973937357,768,1024,564,qr_code,659,325,816,429
2513563863,1944,2592,565,qr_code,343,1691,417,1768
3360042676,768,1024,566,qr_code,315,290,451,435
4406534026,301,500,567,qr_code,267,45,459,235
4387464054,600,600,569,qr_code,102,60,514,407
4499071280,768,1024,570,qr_code,363,251,669,550
0525173193,1536,2048,571,qr_code,804,575,1122,995
2824550145,480,640,572,qr_code,306,218,333,244
2935843758,853,1280,574,qr_code,528,605,669,747
4454572654,1200,1600,575,qr_code,1075,672,1385,902
5327276296,1024,768,578,qr_code,465,398,575,545
3346833848,2040,2720,579,qr_code,1647,863,1770,986
4587544777,1944,2592,580,qr_code,2083,824,2279,1240
2928309549,768,1024,581,qr_code,425,292,598,449
5149193572,1018,1024,582,qr_code,585,504,741,659
4208186509,1936,2592,583,qr_code,189,745,793,1363
3098688314,449,640,585,qr_code,259,147,331,223
0500310378,1200,1600,586,qr_code,289,649,485,832
4440799716,800,599,587,qr_code,259,430,510,687
2644723709,3000,4000,589,qr_code,1459,1178,2397,2116
4123610847,2848,1898,591,qr_code,0,1399,51,1676
4992344523,1280,1280,592,qr_code,305,926,488,1117
4352836095,339,604,596,qr_code,234,69,399,243
2685220165,1024,725,597,qr_code,402,531,432,564
3951656300,375,500,599,qr_code,15,113,32,184
5118585410,685,1024,602,qr_code,585,258,771,427
2595337514,640,480,604,qr_code,190,326,229,365
5136707952,768,1024,605,qr_code,137,580,363,767
2686042700,1024,725,606,qr_code,317,419,633,735
2332977452,1055,1542,607,qr_code,322,566,495,716
5281779224,1333,1000,609,qr_code,509,711,633,820
3251317632,3648,2736,610,qr_code,1573,1873,2198,2430
2237238420,1024,768,611,qr_code,481,351,604,502
2237230336,1024,768,612,qr_code,119,352,301,529
4462725678,3648,2736,613,qr_code,212,0,743,77
3951656300,375,500,614,qr_code,363,61,422,129
3962673325,2592,3872,616,qr_code,1291,1350,1392,1445
3027815370,2816,2112,617,qr_code,1988,907,2111,1012
3742911943,768,1024,619,qr_code,376,346,487,457
2810496945,441,640,620,qr_code,450,308,482,330
4866457228,772,1024,621,qr_code,140,181,166,207
2332977452,1055,1542,622,qr_code,509,516,682,658
5030691999,3744,5616,625,qr_code,2040,3017,2224,3203
4694564038,3000,4000,626,qr_code,3042,1220,3577,1755
4604299999,509,640,627,qr_code,209,110,280,165
4123610847,2848,1898,629,qr_code,1462,1406,1730,1676
4797499056,1600,1200,632,qr_code,706,650,921,882
4567642653,1944,2592,633,qr_code,1168,691,1373,875
3962673325,2592,3872,634,qr_code,2247,1885,2341,1983
5281791066,1302,555,635,qr_code,347,712,471,820
4992344523,1280,1280,636,qr_code,833,578,1018,775
5118585410,685,1024,637,qr_code,270,319,409,454
5215470014,768,1024,638,qr_code,481,123,563,183
5036227559,2462,1906,639,qr_code,1185,1245,1606,1686
4498433956,2736,3648,640,qr_code,1980,664,3191,1912
5121473172,768,1024,641,qr_code,395,580,552,740
5281791066,1302,555,643,qr_code,356,572,481,685
4992344523,1280,1280,644,qr_code,561,921,751,1108
2236454973,1024,768,645,qr_code,230,386,521,617
5333060291,1024,683,646,qr_code,139,989,200,1023
4502664813,1936,2592,647,qr_code,668,587,1049,1407
5281177603,675,900,649,qr_code,154,223,402,471
4123610847,2848,1898,653,qr_code,839,1019,1115,1291
4694564038,3000,4000,654,qr_code,3430,2083,3588,2341
4649988496,549,800,655,qr_code,362,206,599,441
5097179856,1952,3264,656,qr_code,1852,711,2352,1265
2237236048,768,1024,657,qr_code,221,400,282,498
3742911943,768,1024,659,qr_code,250,205,362,317
2685220165,1024,725,661,qr_code,578,431,597,450
2457868748,1944,2592,662,qr_code,1671,676,1979,1152
2895474717,768,1024,663,qr_code,292,295,431,433
3027815370,2816,2112,665,qr_code,0,2647,196,2815
4663818296,2848,4288,667,qr_code,3204,386,4024,1219
4567642653,1944,2592,668,qr_code,581,801,962,1131
4694564038,3000,4000,670,qr_code,3199,2173,3410,2268
2237317562,500,375,671,qr_code,25,290,40,307
4694564038,3000,4000,673,qr_code,601,1527,837,1774
2879826877,768,1024,674,qr_code,165,371,292,494
3962673325,2592,3872,675,qr_code,2212,1468,2297,1558
3027815370,2816,2112,678,qr_code,458,2558,748,2815
4947129990,2720,4080,679,qr_code,617,2102,771,2217
5117982907,685,1024,680,qr_code,549,277,692,414
5143465580,1024,768,681,qr_code,231,268,256,305
4866457228,772,1024,682,qr_code,140,566,165,591
3466754496,1360,2048,684,qr_code,354,434,449,524
3752626705,768,1024,685,qr_code,546,307,584,346
4462725678,3648,2736,686,qr_code,2147,913,2735,1515
2237230336,1024,768,687,qr_code,250,639,277,667
2236449471,1024,768,688,qr_code,302,655,323,676
2236468419,1024,768,689,qr_code,166,400,318,566
3466754496,1360,2048,690,qr_code,344,298,438,390
5215470014,768,1024,691,qr_code,520,609,608,692
3131760948,768,1024,692,qr_code,652,409,761,517
2811131160,1944,2592,693,qr_code,1466,836,1831,1373
4123610847,2848,1898,694,qr_code,836,1792,1117,2068
3429493343,768,1024,697,qr_code,224,301,271,347
5215404745,2495,1871,698,qr_code,1062,1866,1199,1995
2237230336,1024,768,699,qr_code,87,642,113,670
2895474717,768,1024,700,qr_code,591,560,749,713
4123610847,2848,1898,701,qr_code,426,270,698,535
2895474717,768,1024,702,qr_code,833,594,1003,762
4123610847,2848,1898,704,qr_code,228,14,496,171
4694564038,3000,4000,705,qr_code,1834,575,2070,795
4694564038,3000,4000,706,qr_code,3098,2242,3150,2447
2685220165,1024,725,709,qr_code,504,431,523,450
4462725678,3648,2736,710,qr_code,1247,71,1910,376
3027815370,2816,2112,711,qr_code,1756,171,1886,235
4123610847,2848,1898,712,qr_code,195,1400,481,1677
4498433956,2736,3648,713,qr_code,300,735,1618,1811
2961181695,2448,3264,715,qr_code,925,1724,1255,2075
3027815370,2816,2112,716,qr_code,1354,2548,1655,2815
3629983458,897,1024,717,qr_code,518,39,570,91
5118583876,685,1024,719,qr_code,504,210,545,258
4462725678,3648,2736,720,qr_code,0,1260,927,2255
4059282918,1944,2592,721,qr_code,322,488,1297,1512
4694564038,3000,4000,723,qr_code,2980,409,3496,895
4123610847,2848,1898,724,qr_code,1828,69,1897,216
3752626705,768,1024,725,qr_code,302,311,343,350
2236449471,1024,768,726,qr_code,261,657,282,678
2895474717,768,1024,727,qr_code,761,505,873,620
3962673325,2592,3872,729,qr_code,2313,2437,2419,2543
5281779224,1333,1000,731,qr_code,503,369,633,481
4992344523,1280,1280,734,qr_code,583,293,769,478
4071137667,685,1024,736,qr_code,339,488,387,538
3442952292,281,500,737,qr_code,155,160,196,201
4107132368,1360,2048,738,qr_code,979,611,1126,648
1213992780,1200,1600,739,qr_code,1168,452,1523,791
3167792340,1360,2048,740,qr_code,887,484,981,595
4462725678,3648,2736,741,qr_code,2363,51,2735,240
3027815370,2816,2112,743,qr_code,1515,432,1664,521
5121473172,768,1024,745,qr_code,906,539,1023,748
3629983458,897,1024,747,qr_code,943,666,1011,723
2895474717,768,1024,752,qr_code,598,344,748,497
3466754496,1360,2048,753,qr_code,1084,285,1176,378
3951656300,375,500,754,qr_code,424,57,456,127
1476633170,680,1024,755,qr_code,613,290,664,443
4107132368,1360,2048,756,qr_code,1198,605,1249,638
4930704760,832,1024,757,qr_code,506,184,557,233
2237238420,1024,768,758,qr_code,462,574,475,600
3962673325,2592,3872,759,qr_code,0,2154,74,2285
3359226645,768,1024,760,qr_code,408,131,732,469
5108332243,1024,768,762,qr_code,421,633,623,836
4107132368,1360,2048,763,qr_code,1095,688,1260,835
5240565858,1296,1936,764,qr_code,745,175,1103,529
3629983458,897,1024,765,qr_code,541,751,645,822
5208855909,459,1024,766,qr_code,471,123,604,170
4123610847,2848,1898,767,qr_code,0,637,71,904
4013506657,768,1024,768,qr_code,779,645,828,694
4462725678,3648,2736,769,qr_code,2362,363,2735,709
1213992780,1200,1600,770,qr_code,684,330,791,539
4098888783,2448,3264,771,qr_code,485,714,1053,1278
4371698259,2736,3648,772,qr_code,1470,1029,2364,1959
2237230336,1024,768,773,qr_code,304,638,330,666
4123610847,2848,1898,774,qr_code,1050,1404,1326,1677
4071137667,685,1024,775,qr_code,649,265,704,319
4694564038,3000,4000,776,qr_code,3154,2251,3448,2558
4013506657,768,1024,777,qr_code,701,647,751,696
4604299999,509,640,778,qr_code,218,29,283,76
2237234158,1024,768,779,qr_code,318,475,436,593
0187811645,1944,2592,780,qr_code,458,1027,719,1409
3629983458,897,1024,781,qr_code,743,476,795,529
4502664813,1936,2592,782,qr_code,24,508,593,1519
1476633170,680,1024,784,qr_code,270,158,282,189
0187811645,1944,2592,786,qr_code,0,566,340,975
3442952292,281,500,787,qr_code,227,83,273,129
4992344523,1280,1280,788,qr_code,327,306,515,492
2963732045,2448,3264,790,qr_code,2436,390,2681,638
4107132368,1360,2048,791,qr_code,627,706,791,855
2968003304,768,1024,792,qr_code,535,387,675,526
5164363159,1024,722,793,qr_code,635,894,721,976
4604299999,509,640,794,qr_code,313,227,392,297
2343325175,2592,1944,795,qr_code,137,1556,959,2349
3027815370,2816,2112,798,qr_code,1189,280,1329,362
2502688432,676,900,799,qr_code,479,96,556,173
4797499056,1600,1200,800,qr_code,717,336,946,590
4123610847,2848,1898,801,qr_code,1049,645,1321,915
2237234158,1024,768,802,qr_code,336,664,353,681
1213992780,1200,1600,803,qr_code,104,634,355,922
3629983458,897,1024,804,qr_code,168,755,248,814
2237232238,1024,768,806,qr_code,161,692,189,724
3027815370,2816,2112,807,qr_code,900,1915,1164,2178
4992344523,1280,1280,808,qr_code,841,274,1028,469
3962673325,2592,3872,809,qr_code,2230,1681,2321,1774
4694564038,3000,4000,810,qr_code,2865,2088,3096,2358
4107132368,1360,2048,811,qr_code,756,622,905,657
3962673325,2592,3872,812,qr_code,3082,2080,3173,2168
5189048437,768,1024,813,qr_code,0,337,281,658
2425729926,1944,2592,814,qr_code,235,663,958,1364
2895474717,768,1024,816,qr_code,535,55,720,237
2708471549,3000,4000,817,qr_code,1465,163,2419,1097
4123610847,2848,1898,818,qr_code,1641,310,1897,570
3963454490,2592,3872,819,qr_code,2051,364,2287,562
2955439364,500,500,820,qr_code,60,246,265,447
2685220165,1024,725,824,qr_code,576,738,633,794
2423843117,1944,2592,826,qr_code,437,0,1208,474
4663818296,2848,4288,827,qr_code,2005,1618,2786,2357
4663818296,2848,4288,828,qr_code,1713,273,2591,973
4462725678,3648,2736,829,qr_code,0,209,192,510
4397152402,3133,2530,830,qr_code,281,463,1379,744
3963454490,2592,3872,834,qr_code,1966,1408,2274,1724
3877234588,2304,3072,835,qr_code,397,275,1883,1845
3442952292,281,500,837,qr_code,155,86,196,127
3962673325,2592,3872,839,qr_code,1266,1756,1374,1863
5333060291,1024,683,840,qr_code,149,481,199,572
2829040695,800,600,843,qr_code,444,608,522,682
3442952292,281,500,844,qr_code,301,158,347,204
5107382908,704,1024,846,qr_code,777,244,817,290
4864169133,595,1024,847,qr_code,235,77,323,168
4694564038,3000,4000,848,qr_code,1047,290,1116,895
5108332243,1024,768,851,qr_code,415,279,613,474
3251317632,3648,2736,853,qr_code,1684,1285,2289,1803
3442952292,281,500,855,qr_code,303,86,344,127
5333320531,305,500,857,qr_code,196,57,334,173
1213992780,1200,1600,861,qr_code,858,334,968,551
2895474717,768,1024,862,qr_code,22,19,197,188
2963732045,2448,3264,864,qr_code,2061,368,2310,620
0187811645,1944,2592,865,qr_code,918,114,1250,491
2423843117,1944,2592,867,qr_code,868,1328,1393,1869
4694564038,3000,4000,868,qr_code,606,1308,663,1447
4866457228,772,1024,869,qr_code,140,455,166,481
4663818296,2848,4288,870,qr_code,3277,1666,4154,2489
2303509443,480,640,871,qr_code,340,252,410,322
2236526027,480,640,872,qr_code,176,116,265,204
4866457228,772,1024,874,qr_code,140,291,165,316
4397152402,3133,2530,876,qr_code,130,332,984,562
3963454490,2592,3872,877,qr_code,1650,2551,1872,2591
2236526151,500,375,878,qr_code,161,234,216,289
4107132368,1360,2048,879,qr_code,1233,880,1316,1039
2968003304,768,1024,880,qr_code,335,195,472,333
2700376493,524,700,882,qr_code,514,16,548,61
4921423970,1944,2592,883,qr_code,997,1325,1210,1563
2895474717,768,1024,885,qr_code,882,351,997,472
3027815370,2816,2112,887,qr_code,1387,1137,1581,1217
2502688432,676,900,888,qr_code,577,95,657,175
2810496945,441,640,889,qr_code,546,285,585,324
5121473172,768,1024,890,qr_code,204,580,354,733
3962673325,2592,3872,891,qr_code,104,1435,252,1550
2685220165,1024,725,892,qr_code,58,487,137,566
2236449471,1024,768,893,qr_code,278,431,420,573
5121473172,768,1024,898,qr_code,94,621,197,731
5036227559,2462,1906,899,qr_code,477,1036,842,1404
3963454490,2592,3872,901,qr_code,0,1429,80,1633
2237234158,1024,768,902,qr_code,370,663,387,680
5189649318,768,1024,904,qr_code,549,251,746,333
1476633170,680,1024,905,qr_code,322,277,383,440
5164363159,1024,722,907,qr_code,185,900,273,981
4123610847,2848,1898,910,qr_code,405,1791,689,2069
4502664813,1936,2592,912,qr_code,1213,281,2415,1506
5107382908,704,1024,914,qr_code,511,352,539,389
4123610847,2848,1898,915,qr_code,630,641,905,909
3362030576,679,1024,916,qr_code,519,506,593,594
2237317748,480,640,918,qr_code,83,246,134,294
2895474717,768,1024,919,qr_code,903,10,998,105
5333060291,1024,683,922,qr_code,403,471,448,546
4413934670,768,1024,923,qr_code,889,184,934,267
2963732045,2448,3264,924,qr_code,1274,353,1447,527
5164363159,1024,722,928,qr_code,656,210,721,300
2685220165,1024,725,929,qr_code,609,424,641,456
2895474717,768,1024,930,qr_code,777,415,859,497
3962673325,2592,3872,931,qr_code,1257,2075,1372,2189
5121473172,768,1024,932,qr_code,747,632,855,747
2708469293,3000,4000,933,qr_code,1666,876,2198,1410
3887184821,1600,1200,935,qr_code,219,721,1012,1575
4413934670,768,1024,936,qr_code,129,238,190,326
4721050415,1944,2592,939,qr_code,529,922,602,1082
5272460338,500,237,940,qr_code,64,438,87,460
4993675873,576,1024,941,qr_code,82,390,127,439
5055323918,3000,4000,942,qr_code,1575,1966,1674,2257
4123610847,2848,1898,943,qr_code,211,643,490,909
3629983458,897,1024,944,qr_code,124,500,182,557
2236454973,1024,768,947,qr_code,530,847,573,892
3442952292,281,500,948,qr_code,75,81,126,132
1213992780,1200,1600,949,qr_code,1001,327,1204,550
3027815370,2816,2112,950,qr_code,1693,888,1868,1016
5117982907,685,1024,951,qr_code,183,422,287,524
4123610847,2848,1898,953,qr_code,636,11,906,168
4694564038,3000,4000,955,qr_code,1128,413,1653,900
5095037223,1024,768,957,qr_code,370,534,547,855
5333060291,1024,683,958,qr_code,141,237,210,328
3963454490,2592,3872,959,qr_code,219,211,422,382
3027815370,2816,2112,960,qr_code,64,1560,299,1769
4567642653,1944,2592,961,qr_code,205,622,451,802
5097179856,1952,3264,962,qr_code,1033,759,1515,1244
4123610847,2848,1898,963,qr_code,0,1791,262,2071
3027815370,2816,2112,964,qr_code,1711,314,1850,395
3963454490,2592,3872,965,qr_code,0,1006,203,1209
2237232238,1024,768,966,qr_code,189,351,400,567
2117739855,3072,2304,967,qr_code,1087,1577,1181,1673
2879827235,768,1024,968,qr_code,536,352,651,455
2895474717,768,1024,970,qr_code,235,31,472,270
3227130466,3648,2736,972,qr_code,516,826,1155,1480
3614047133,1024,768,974,qr_code,229,314,539,625
5272460338,500,237,976,qr_code,154,439,172,462
4694564038,3000,4000,977,qr_code,678,2298,946,2555
3466754496,1360,2048,979,qr_code,548,868,643,952
5148592451,1024,1024,981,qr_code,267,0,981,1023
4123610847,2848,1898,982,qr_code,0,16,88,167
2895474717,768,1024,983,qr_code,414,282,520,386
4123610847,2848,1898,984,qr_code,841,271,1113,538
2968003304,768,1024,985,qr_code,534,194,674,332
5164363159,1024,722,987,qr_code,177,207,269,298
4992344523,1280,1280,988,qr_code,571,597,759,781
3962673325,2592,3872,989,qr_code,2286,2179,2385,2281
3027815370,2816,2112,990,qr_code,769,1485,992,1663
0187811645,1944,2592,991,qr_code,785,571,1253,1109
2811131160,1944,2592,992,qr_code,2245,807,2476,1219
2708469293,3000,4000,994,qr_code,1649,1499,2172,2022
4947129990,2720,4080,995,qr_code,701,1749,839,1863
3027815370,2816,2112,996,qr_code,1568,1565,1850,1746
2968003304,768,1024,997,qr_code,737,387,873,526
5086551262,1024,768,998,qr_code,393,462,418,490
4443372421,667,1000,999,qr_code,900,188,956,355
5121473172,768,1024,1000,qr_code,614,627,719,743
0187811645,1944,2592,1002,qr_code,1420,1164,1819,1688
2332977452,1055,1542,1003,qr_code,573,662,758,821
5333060291,1024,683,1004,qr_code,157,2,211,114
4663818296,2848,4288,1005,qr_code,348,1690,1157,2545
3962673325,2592,3872,1006,qr_code,1246,2318,1367,2436
4208902494,1936,2592,1007,qr_code,839,725,1128,996
0726754490,1360,2048,1008,qr_code,687,595,767,700
4208902494,1936,2592,1009,qr_code,600,810,819,1013
3962673325,2592,3872,1010,qr_code,255,929,384,1027
4866456958,1024,850,1014,qr_code,322,14,514,206
3442952292,281,500,1015,qr_code,82,162,119,199
2595337514,640,480,1016,qr_code,362,321,381,339
4123610847,2848,1898,1017,qr_code,1249,288,1513,555
0187811645,1944,2592,1018,qr_code,1320,583,1597,916
4107132368,1360,2048,1020,qr_code,611,632,677,662
2332977452,1055,1542,1022,qr_code,376,720,564,889
2961181695,2448,3264,1023,qr_code,1942,1720,2240,1981
3962673325,2592,3872,1024,qr_code,186,1161,323,1267
0187811645,1944,2592,1025,qr_code,1694,178,1952,515
2595337510,480,640,1026,qr_code,403,225,422,244
4098888783,2448,3264,1028,qr_code,1747,740,2460,1149
2810496945,441,640,1029,qr_code,461,381,634,428
3027815370,2816,2112,1030,qr_code,665,231,800,314
3885669123,640,426,1032,qr_code,176,117,194,136
3962673325,2592,3872,1035,qr_code,3043,1900,3129,1986
3429493343,768,1024,1036,qr_code,649,294,694,339
2236468419,1024,768,1037,qr_code,322,646,341,671
2236449471,1024,768,1038,qr_code,383,651,403,672
4413934670,768,1024,1039,qr_code,423,264,646,350
5272460338,500,237,1041,qr_code,58,185,179,306
5333060291,1024,683,1042,qr_code,547,495,580,558
2236468419,1024,768,1043,qr_code,148,669,174,695
4123610847,2848,1898,1045,qr_code,1261,1788,1531,2066
2332977452,1055,1542,1046,qr_code,685,471,854,603
4930704760,832,1024,1048,qr_code,790,214,835,259
5121473172,768,1024,1049,qr_code,0,620,88,725
5281177603,675,900,1052,qr_code,422,354,687,626
2968003304,768,1024,1054,qr_code,735,194,871,332
3442952292,281,500,1056,qr_code,232,163,268,199
3963454490,2592,3872,1061,qr_code,100,609,311,798
4123610847,2848,1898,1062,qr_code,0,1014,275,1288
4071137667,685,1024,1065,qr_code,331,262,381,314
3752626705,768,1024,1066,qr_code,430,305,469,344
2237232238,1024,768,1067,qr_code,403,693,433,726
4123610847,2848,1898,1069,qr_code,1045,35,1310,189
2943752525,1600,1200,1070,qr_code,25,661,847,1535
4694564038,3000,4000,1071,qr_code,3140,2081,3396,2165
5049124149,1536,2048,1072,qr_code,381,698,916,1387
4123610847,2848,1898,1073,qr_code,1257,1023,1524,1296
3480330343,240,320,1074,qr_code,21,174,62,214
4441975297,681,1024,1075,qr_code,472,293,572,392
4397152402,3133,2530,1076,qr_code,524,631,2343,1283
5215470014,768,1024,1077,qr_code,262,296,536,532
2686042700,1024,725,1078,qr_code,571,769,656,854
2303509443,480,640,1080,qr_code,21,256,94,326
2237232238,1024,768,1081,qr_code,280,693,311,724
2895474717,768,1024,1082,qr_code,444,404,556,517
5107382908,704,1024,1083,qr_code,611,256,644,297
2968003304,768,1024,1084,qr_code,336,388,474,526
3963454490,2592,3872,1085,qr_code,1757,1950,1983,2053
4441975297,681,1024,1088,qr_code,599,291,670,382
4177077228,2592,3888,1089,qr_code,2047,1948,2207,2108
2457868748,1944,2592,1090,qr_code,1995,722,2496,1196
5215404745,2495,1871,1091,qr_code,893,1879,1015,2003
4721050415,1944,2592,1099,qr_code,1335,792,1584,941
5097179856,1952,3264,1100,qr_code,2594,683,2824,1145
2879826877,768,1024,1101,qr_code,504,502,645,634
3885669123,640,426,1103,qr_code,149,242,248,341
5079234799,688,1024,1104,qr_code,151,336,202,412
5281779224,1333,1000,1105,qr_code,520,924,661,1069
0187811645,1944,2592,1106,qr_code,1969,603,2180,891
4177077228,2592,3888,1107,qr_code,2283,1946,2443,2106
4866456958,1024,850,1109,qr_code,325,823,511,1009
4649988496,549,800,1110,qr_code,397,266,430,302
5118583876,685,1024,1111,qr_code,724,436,806,515
2963732045,2448,3264,1112,qr_code,1687,337,1938,590
2879827235,768,1024,1113,qr_code,399,360,511,465
2943752525,1600,1200,1114,qr_code,480,19,1059,682
2236468419,1024,768,1115,qr_code,196,663,219,689
4107132368,1360,2048,1117,qr_code,591,910,665,1083
3951656300,375,500,1119,qr_code,37,123,97,183
5095037223,1024,768,1120,qr_code,461,831,553,976
2237230336,1024,768,1121,qr_code,141,641,168,669
1439079783,768,1024,1122,qr_code,299,226,692,612
2237232238,1024,768,1124,qr_code,219,693,250,724
4123610847,2848,1898,1126,qr_code,1864,1408,1897,1674
3251317632,3648,2736,1127,qr_code,1787,729,2376,1219
5097179856,1952,3264,1129,qr_code,362,712,696,1170
5240565858,1296,1936,1131,qr_code,204,188,433,515
4059282918,1944,2592,1132,qr_code,1361,529,2000,1424
5333060291,1024,683,1133,qr_code,479,484,518,553
5055323918,3000,4000,1135,qr_code,1024,1894,1398,2134
4694564038,3000,4000,1137,qr_code,434,2258,582,2528
4123610847,2848,1898,1138,qr_code,1845,674,1897,930
2708471549,3000,4000,1139,qr_code,1294,1116,2222,2066
1476633170,680,1024,1140,qr_code,421,281,577,442
4107132368,1360,2048,1141,qr_code,751,898,926,1069
4437534340,1000,1406,1142,qr_code,337,348,683,663
2895474717,768,1024,1143,qr_code,919,120,1021,223
4123610847,2848,1898,1144,qr_code,415,1020,694,1290
3027815370,2816,2112,1145,qr_code,838,371,1001,455
2237317562,500,375,1146,qr_code,35,126,123,228
2237232238,1024,768,1147,qr_code,341,694,372,726
0187811645,1944,2592,1149,qr_code,797,1196,1284,1758
5281791066,1302,555,1150,qr_code,341,369,470,481
3203904948,1704,2272,1151,qr_code,221,224,1279,1367
3963454490,2592,3872,1153,qr_code,2151,0,2362,65
0187811645,1944,2592,1154,qr_code,2208,941,2398,1217
2237238420,1024,768,1155,qr_code,598,595,620,618
2236449471,1024,768,1156,qr_code,343,653,363,674
4123610847,2848,1898,1158,qr_code,624,1403,904,1678
2685220165,1024,725,1159,qr_code,290,532,307,550
3742911943,768,1024,1160,qr_code,484,209,594,319
0187811645,1944,2592,1161,qr_code,1316,999,1582,1151
4443372421,667,1000,1162,qr_code,252,173,360,359
5208855909,459,1024,1163,qr_code,799,190,864,253
1476633170,680,1024,1164,qr_code,225,155,262,189
2236468419,1024,768,1165,qr_code,282,652,303,677
4866457228,772,1024,1166,qr_code,140,346,165,371
3251317632,3648,2736,1167,qr_code,1914,206,2479,662
5107382908,704,1024,1168,qr_code,650,351,685,391
2879826697,768,1024,1169,qr_code,229,371,340,476
0187811645,1944,2592,1171,qr_code,1953,956,2170,1249
4663818296,2848,4288,1173,qr_code,389,446,1246,1299
4694564038,3000,4000,1174,qr_code,1672,1972,2308,2537
0187811645,1944,2592,1175,qr_code,0,45,325,466
4694564038,3000,4000,1177,qr_code,1712,1256,2262,1797
3962673325,2592,3872,1179,qr_code,2989,1653,3076,1732
2237242266,1024,768,1180,qr_code,365,498,503,605
5055323918,3000,4000,1181,qr_code,2547,860,2904,1184
4107132368,1360,2048,1183,qr_code,868,699,1030,843
2700376493,524,700,1184,qr_code,243,56,274,91
2895474717,768,1024,1185,qr_code,692,111,881,295
4462725678,3648,2736,1186,qr_code,1882,1918,2735,3206
5055323918,3000,4000,1190,qr_code,1474,1927,1544,2157
4912145560,1944,2592,1192,qr_code,632,906,788,1088
3131760948,768,1024,1194,qr_code,140,395,251,509
5333320531,305,500,1196,qr_code,91,241,138,288
2895474717,768,1024,1197,qr_code,217,442,372,605
5208855909,459,1024,1198,qr_code,121,219,171,268
4866456958,1024,850,1199,qr_code,323,417,514,608
2237234158,1024,768,1200,qr_code,439,662,455,680
4604299999,509,640,1201,qr_code,470,112,547,165
3227130466,3648,2736,1202,qr_code,1643,936,2283,1560
2425729926,1944,2592,1203,qr_code,1003,595,1651,1240
4013506657,768,1024,1204,qr_code,855,643,904,692
2700376493,524,700,1206,qr_code,377,42,400,94
4992344523,1280,1280,1208,qr_code,824,907,1013,1103
2343325175,2592,1944,1209,qr_code,643,771,1367,1512
2879827235,768,1024,1212,qr_code,406,488,523,602
2895474717,768,1024,1213,qr_code,778,323,860,405
2332977452,1055,1542,1214,qr_code,757,609,936,758
4866457228,772,1024,1215,qr_code,140,236,166,261
2117739855,3072,2304,1217,qr_code,1208,1577,1304,1674
4993675873,576,1024,1220,qr_code,302,392,351,443
3962673325,2592,3872,1222,qr_code,2197,1290,2281,1376
5030691999,3744,5616,1224,qr_code,0,760,5615,2707
4721050415,1944,2592,1226,qr_code,2156,472,2354,540
4992344523,1280,1280,1227,qr_code,313,605,501,795
4123610847,2848,1898,1229,qr_code,1453,659,1715,928
5333060291,1024,683,1230,qr_code,133,738,194,819
2985146218,800,600,1231,qr_code,513,436,583,500
2595337510,480,640,1232,qr_code,225,226,265,266
4604299999,509,640,1233,qr_code,456,31,526,77
2700376493,524,700,1234,qr_code,211,47,232,109
3027815370,2816,2112,1235,qr_code,683,372,826,463
3885669123,640,426,1238,qr_code,0,401,164,639
0726754490,1360,2048,1239,qr_code,672,383,775,532
3027815370,2816,2112,1240,qr_code,2000,459,2111,545
4123610847,2848,1898,1241,qr_code,8,270,289,536
3963454490,2592,3872,1244,qr_code,1964,799,2206,1010
0187811645,1944,2592,1246,qr_code,1694,583,1939,895
4071137667,685,1024,1247,qr_code,640,506,693,557
2685220165,1024,725,1248,qr_code,538,428,563,452
2236468419,1024,768,1250,qr_code,239,657,261,683
2963732045,2448,3264,1252,qr_code,2724,1230,2915,1422
5189649318,768,1024,1253,qr_code,217,356,449,480
4866457228,772,1024,1254,qr_code,140,400,166,427
3027815370,2816,2112,1256,qr_code,406,1469,631,1670
0187811645,1944,2592,1258,qr_code,1655,982,1896,1267
2237238420,1024,768,1259,qr_code,562,589,580,613
2811131160,1944,2592,1260,qr_code,1902,822,2193,1287
2237234158,1024,768,1261,qr_code,303,663,319,680
4107132368,1360,2048,1262,qr_code,999,888,1176,1054
5086551262,1024,768,1263,qr_code,398,724,423,754
2895474717,768,1024,1265,qr_code,883,238,981,335
2237230336,1024,768,1267,qr_code,196,640,223,668
5281791066,1302,555,1268,qr_code,359,925,500,1068
4866457228,772,1024,1269,qr_code,140,510,166,536
2685220165,1024,725,1270,qr_code,558,507,594,533
0187811645,1944,2592,1271,qr_code,0,1045,377,1472
4123610847,2848,1898,1272,qr_code,1668,1784,1897,2058
2895474717,768,1024,1273,qr_code,16,290,197,477
4123610847,2848,1898,1277,qr_code,1439,54,1698,211
2879826877,768,1024,1278,qr_code,331,362,459,482
1213992780,1200,1600,1279,qr_code,266,477,473,707
3962673325,2592,3872,1280,qr_code,1279,1535,1381,1641
2237238420,1024,768,1281,qr_code,492,580,510,605
3442952292,281,500,1282,qr_code,380,88,416,124
4921423970,1944,2592,1287,qr_code,1906,1394,2169,1676
2895474717,768,1024,1288,qr_code,26,571,208,748
3480330343,240,320,1289,qr_code,156,74,301,217
3962673325,2592,3872,1291,qr_code,0,1834,155,1961
3362030142,679,1024,1292,qr_code,492,326,535,368
3466754496,1360,2048,1293,qr_code,1086,424,1177,516
3027815370,2816,2112,1296,qr_code,39,173,196,260
4864169133,595,1024,1299,qr_code,459,64,561,167
4123610847,2848,1898,1300,qr_code,1656,1034,1897,1299
3442952292,281,500,1301,qr_code,368,150,429,212
4930704760,832,1024,1302,qr_code,824,155,877,207
5079234799,688,1024,1303,qr_code,838,393,904,477
5240565858,1296,1936,1306,qr_code,1438,235,1660,583
3885669123,640,426,1307,qr_code,184,145,235,196
4462725678,3648,2736,1308,qr_code,664,510,1543,883
2078613193,1944,2592,1310,qr_code,1286,631,1891,1244
5189048437,768,1024,1311,qr_code,249,133,468,342
5049124149,1536,2048,1312,qr_code,1490,536,1864,1156
5118583876,685,1024,1313,qr_code,251,355,408,510
1213992780,1200,1600,1314,qr_code,422,361,581,577
4947129990,2720,4080,1315,qr_code,1193,1152,2281,2241
0187811645,1944,2592,1317,qr_code,410,568,720,955
2963732045,2448,3264,1318,qr_code,1461,358,1633,529
2829040695,800,600,1320,qr_code,162,329,223,379
2237238420,1024,768,1321,qr_code,527,584,545,607
2895474717,768,1024,1322,qr_code,384,536,576,741
2236449471,1024,768,1323,qr_code,423,650,443,670
2237234158,1024,768,1324,qr_code,404,663,422,680
2985146218,800,600,1326,qr_code,321,431,439,539
5281779224,1333,1000,1327,qr_code,518,572,643,686
2829040695,800,600,1328,qr_code,405,368,450,404
3962673325,2592,3872,1330,qr_code,2941,1438,3023,1513
3027815370,2816,2112,1331,qr_code,1124,1433,1355,1608
3962673325,2592,3872,1332,qr_code,1302,1173,1398,1263
3752626705,768,1024,1335,qr_code,665,299,703,337
2716844652,1944,2592,1339,qr_code,1095,1082,1294,1225
3362030142,679,1024,1341,qr_code,644,344,694,394
3131760948,768,1024,1342,qr_code,413,391,517,498
